"chapter","class_id","title","kind","optional","core_targets","context_targets","first_main_session","last_main_session_excluding_checkpoints"
"1","c1l1","Your first conversation","vocabulary","false","6","2","1","17"
"1","c1l5","Letters that change a word","pattern","false","6","2","4","25"
"1","c1-lex-people-and-possession","People and possession","vocabulary","false","15","2","8","32"
"1","c1l2","A little about you","pattern","false","6","2","18","38"
"1","c1-lex-your-first-places","Your first places","vocabulary","false","9","2","26","43"
"1","c1-negative-being","Being and not being","pattern","false","6","2","33","48"
"1","c1-possession","Whose name and address?","pattern","false","6","2","39","56"
"1","c1l3","Where are you from?","pattern","false","6","2","44","62"
"1","c1-origin-endings","From a country, in a city","pattern","false","10","2","49","70"
"1","c1l4","Words for everyday life","pattern","false","4","2","57","82"
"1","c1l6","Count from one to ten","vocabulary","false","10","2","63","94"
"1","c1-lex-ask-and-understand","Ask and understand","vocabulary","false","17","2","71","109"
"1","c1-lex-people-and-personal-details","People and personal details","vocabulary","false","13","2","83","117"
"1","c1-lex-useful-first-replies","Useful first replies","vocabulary","false","19","2","95","122"
"1","c1-present-people","Present tense across people","pattern","false","6","2","110","129"
"1","c1l7","Exchange contact details","conversation","false","5","2","118","138"
"1","c1-places-1","Countries and cities · 1","vocabulary","false","8","2","123","146"
"1","c1-places-2","Countries and cities · 2","vocabulary","false","8","2","130","154"
"1","c1-places-3","Countries and cities · 3","vocabulary","false","8","2","139","159"
"1","c1-places-4","Countries and cities · 4","vocabulary","false","8","2","147","164"
"1","c1-places-5","Countries and cities · 5","vocabulary","false","2","1","155","169"
"1","c1-languages-1","Languages · 1","vocabulary","false","6","2","160","174"
"1","c1-languages-2","Languages · 2","vocabulary","false","6","2","165","178"
"1","c1-languages-3","Languages · 3","vocabulary","false","4","2","170","182"
"1","c1-extra-places-1","More countries · 1","vocabulary","true","8","2","",""
"1","c1-extra-places-2","More countries · 2","vocabulary","true","8","2","",""
"1","c1-extra-places-3","More countries · 3","vocabulary","true","8","2","",""
"1","c1-extra-places-4","More countries · 4","vocabulary","true","8","2","",""
"1","c1-extra-places-5","More countries · 5","vocabulary","true","8","2","",""
"1","c1-extra-places-6","More countries · 6","vocabulary","true","8","2","",""
"1","c1-extra-languages-1","More languages · 1","vocabulary","true","6","2","",""
"1","c1-extra-languages-2","More languages · 2","vocabulary","true","6","2","",""
"1","c1-extra-languages-3","More languages · 3","vocabulary","true","6","2","",""
"1","c1-extra-languages-4","More languages · 4","vocabulary","true","1","1","",""
"1","c1-situation-classmate","Read a classmate’s introduction","reading","false","3","0","175","185"
"1","c1-situation-reception","Give information at reception","reading","false","3","0","179","186"
"1","c1-writing","Introduce yourself","writing","false","1","0","183","183"
"2","c2l1","Something delicious","vocabulary","false","4","2","194","205"
"2","c2l5","Choose a drink","vocabulary","false","6","2","197","211"
"2","c2l6","Fruit, vegetables, and a snack","vocabulary","false","6","2","201","220"
"2","c2l7","Say what you like","pattern","false","5","2","206","228"
"2","c2-lex-meat-and-fish","Meat and fish","vocabulary","false","10","2","212","236"
"2","c2-lex-bread-and-dairy","Bread and dairy","vocabulary","false","7","2","221","244"
"2","c2-lex-vegetable-basket","Vegetable basket","vocabulary","false","9","2","229","253"
"2","c2-lex-fruit-basket","Fruit basket","vocabulary","false","7","2","237","262"
"2","c2-lex-dessert-and-the-cupboard","Dessert and the cupboard","vocabulary","false","10","2","245","270"
"2","c2-lex-on-the-menu","On the menu","vocabulary","false","12","2","254","279"
"2","c2-lex-describe-a-flavour","Describe a flavour","vocabulary","false","9","2","263","291"
"2","c2-lex-how-food-is-prepared","How food is prepared","vocabulary","false","11","2","271","298"
"2","c2-lex-paying-and-caf-signs","Paying and café signs","vocabulary","false","18","2","280","305"
"2","c2-lex-food-and-drink-actions","Food and drink actions","vocabulary","false","6","2","292","314"
"2","c2-lex-lithuanian-dishes","Lithuanian dishes","vocabulary","false","8","2","299","320"
"2","c2-lex-food-and-traditions","Food and traditions","vocabulary","false","11","2","306","325"
"2","c2-dative-people","Preferences for every person","pattern","false","5","2","315","330"
"2","c2-plural-food","One food, several foods","pattern","false","6","2","321","335"
"2","c2l2","I would like…","pattern","false","6","2","326","340"
"2","c2-verb-types","Want, eat, and drink together","pattern","false","6","2","331","345"
"2","c2-ordering-forms","Order a whole dish","pattern","false","6","2","336","350"
"2","c2l3","With or without?","pattern","false","6","2","341","355"
"2","c2-with-without-forms","With and without ingredients","pattern","false","6","2","346","360"
"2","c2-eat-not-eat","Eat it, want some, or do not eat it","pattern","false","6","2","351","365"
"2","c2l8","Some, many, and none","pattern","false","6","2","356","373"
"2","c2-which-food","Ask which kind","pattern","false","6","2","361","381"
"2","c2-teens","Eleven to nineteen","pattern","false","9","2","366","389"
"2","c2-tens","Tens and a hundred","pattern","false","9","2","374","395"
"2","c2-compound-prices","Read a price in euros and cents","pattern","false","9","3","382","399"
"2","c2l4","The bill, please","conversation","false","6","2","390","403"
"2","c2-situation-menu","Choose from a café menu","reading","false","3","0","396","407"
"2","c2-situation-cafe-exchange","Order, refuse, and pay","reading","false","3","0","400","410"
"2","c2-situation-host-drink","Accept an offer and compliment food","reading","false","3","0","404","411"
"2","c2-writing","Write your café order","writing","false","1","0","408","408"
"3","c3l5","Recognize places in town","vocabulary","false","6","2","421","442"
"3","c3-lex-landmarks","Landmarks","vocabulary","false","12","2","424","455"
"3","c3-lex-errands-in-town","Errands in town","vocabulary","false","13","2","431","471"
"3","c3-lex-public-transport","Public transport","vocabulary","false","16","2","443","485"
"3","c3-lex-directions-and-movement","Directions and movement","vocabulary","false","23","2","456","492"
"3","c3-lex-when-and-how-often","When and how often","vocabulary","false","17","2","472","497"
"3","c3-lex-everyday-public-signs","Everyday public signs","vocabulary","false","5","2","486","502"
"3","c3l1","Where are we going?","pattern","false","5","2","493","507"
"3","c3-destination-contrast","A destination or a meeting point?","pattern","false","6","2","498","514"
"3","c3l2","Finding the way","pattern","false","5","2","503","522"
"3","c3l6","Plan your week","vocabulary","false","7","2","508","532"
"3","c3-days-parts","On a day, in the evening","pattern","false","9","2","515","541"
"3","c3-ordinals-early","First to tenth","pattern","false","10","2","523","550"
"3","c3-ordinals-later","Later numbers in an order","pattern","false","12","2","533","556"
"3","c3-clock-hours","At an hour","pattern","false","12","2","542","561"
"3","c3l3","A time to meet","conversation","false","5","2","551","566"
"3","c3l4","Getting there","pattern","false","5","2","557","571"
"3","c3-transport-endings","Choose how to travel","pattern","false","5","2","562","579"
"3","c3-inviting","Invite, accept, or suggest another time","pattern","false","6","2","567","585"
"3","c3-half-hours","Halfway to the next hour","pattern","false","12","2","572","589"
"3","c3l7","Agree on a meeting","conversation","false","5","2","580","594"
"3","c3-situation-directions","Follow written directions","reading","false","3","0","586","598"
"3","c3-situation-meeting-message","Arrange a meeting from a message","reading","false","3","0","590","601"
"3","c3-situation-transport-signs","Read signs and use a ticket","reading","false","3","0","595","602"
"3","c3-writing","Send meeting instructions","writing","false","1","0","599","599"
"4","c4l5","Name rooms and furniture","vocabulary","false","6","2","609","635"
"4","c4-lex-rooms-and-buildings","Rooms and buildings","vocabulary","false","16","2","612","644"
"4","c4-lex-furnishing-a-home","Furnishing a home","vocabulary","false","17","2","622","653"
"4","c4-lex-household-essentials","Household essentials","vocabulary","false","9","2","636","667"
"4","c4-lex-describe-your-flat","Describe your flat","vocabulary","false","11","2","645","675"
"4","c4-lex-things-to-do-at-home","Things to do at home","vocabulary","false","19","2","654","680"
"4","c4-lex-signs-in-a-building","Signs in a building","vocabulary","false","5","2","668","685"
"4","c4l1","Make yourself at home","pattern","false","6","2","676","692"
"4","c4l2","Which floor?","pattern","false","5","2","681","698"
"4","c4-count-gender","Count masculine and feminine objects","pattern","false","9","3","686","703"
"4","c4l3","What is in the room?","pattern","false","5","2","693","708"
"4","c4-home-absence","There is, there is not, and need","pattern","false","6","2","699","713"
"4","c4-home-locations","Describe a room precisely","pattern","false","6","2","704","718"
"4","c4l4","A little help at home","pattern","false","5","2","709","725"
"4","c4-modal-requests","Ask permission and explain a problem","pattern","false","5","2","714","731"
"4","c4-floors","Floors beyond the third","pattern","false","9","2","719","735"
"4","c4l6","Ask about a flat","conversation","false","5","2","726","740"
"4","c4-situation-rental-ad","Read a flat advertisement","reading","false","3","0","732","744"
"4","c4-situation-home-help","Explain a household problem","reading","false","3","0","736","747"
"4","c4-situation-guest","Visit and compliment a home","reading","false","3","0","741","748"
"4","c4-writing","Ask about a rental","writing","false","1","0","745","745"
"5","c5l5","Choose an activity","vocabulary","false","6","2","754","779"
"5","c5-lex-arts-and-evenings-out","Arts and evenings out","vocabulary","false","16","2","757","792"
"5","c5-lex-sport-and-the-outdoors","Sport and the outdoors","vocabulary","false","15","2","767","805"
"5","c5-lex-travelling-and-the-seasons","Travelling and the seasons","vocabulary","false","17","2","780","815"
"5","c5-lex-holiday-actions","Holiday actions","vocabulary","false","16","2","793","823"
"5","c5-lex-hobbies-in-words","Hobbies in words","vocabulary","false","11","2","806","829"
"5","c5-lex-time-around-a-trip","Time around a trip","vocabulary","false","8","2","816","834"
"5","c5l1","Things you love doing","pattern","false","5","2","824","839"
"5","c5l2","Making plans","pattern","false","5","2","830","844"
"5","c5-objects-hobbies","What you do and do not do","pattern","false","6","2","835","849"
"5","c5l6","Buy a ticket","conversation","false","5","2","840","857"
"5","c5l3","What did you do?","pattern","false","5","2","845","863"
"5","c5-past-people","Past tense across people","pattern","false","8","2","850","868"
"5","c5l4","Your next adventure","pattern","false","5","2","858","873"
"5","c5-future-people","Make plans for another day","pattern","false","6","2","864","878"
"5","c5-companions","With whom?","pattern","false","5","2","869","882"
"5","c5l7","Yesterday, today, tomorrow","pattern","false","5","2","874","887"
"5","c5-situation-event-ticket","Find a performance and your seat","reading","false","3","0","879","891"
"5","c5-situation-holiday-postcard","Read a holiday postcard","reading","false","3","0","883","894"
"5","c5-situation-bus-ticket","Buy a bus ticket","reading","false","3","0","888","895"
"5","c5-writing","Write a holiday postcard","writing","false","1","0","892","892"
"6","c6-lex-university-life","University life","vocabulary","false","16","2","901","933"
"6","c6-lex-subjects-to-study","Subjects to study","vocabulary","false","11","2","910","953"
"6","c6-lex-at-work","At work","vocabulary","false","23","2","919","962"
"6","c6-lex-professions","Professions","vocabulary","false","29","2","934","967"
"6","c6-lex-signs-at-work-and-university","Signs at work and university","vocabulary","false","6","2","954","977"
"6","c6l1","What do you do?","pattern","false","5","2","963","984"
"6","c6-lex-a-working-day","A working day","vocabulary","false","13","2","968","997"
"6","c6l2","Your working day","pattern","false","5","2","978","1008"
"6","c6-lex-study-tasks-and-equipment","Study tasks and equipment","vocabulary","false","21","2","985","1014"
"6","c6-lex-managing-your-studies","Managing your studies","vocabulary","false","12","2","998","1019"
"6","c6-time-contrast","Before, after, during, from and until","pattern","false","6","2","1009","1024"
"6","c6l3","Months of the year","vocabulary","false","6","2","1015","1041"
"6","c6l5","The rest of the calendar","vocabulary","false","6","2","1020","1060"
"6","c6-date-ordinals","Dates beyond the third","pattern","false","28","2","1025","1068"
"6","c6-month-forms","Months in dates and plans","pattern","false","24","2","1042","1073"
"6","c6l4","Save the date","pattern","false","5","2","1061","1078"
"6","c6-study-questions","Ask about studies and work","pattern","false","6","2","1069","1082"
"6","c6l6","Talk about a timetable","conversation","false","5","2","1074","1087"
"6","c6-situation-timetable","Read a university timetable","reading","false","3","0","1079","1091"
"6","c6-situation-work-message","Understand a workplace message","reading","false","3","0","1083","1094"
"6","c6-situation-study-email","Read a study update","reading","false","3","0","1088","1095"
"6","c6-writing","Write a study email","writing","false","1","0","1092","1092"
"7","c7l5","Your wider family","vocabulary","false","6","2","1102","1125"
"7","c7-lex-people-and-family-status","People and family status","vocabulary","false","21","2","1105","1132"
"7","c7l1","Meet the family","pattern","false","5","2","1117","1140"
"7","c7-family-objects","Family: having and not having","pattern","false","8","2","1126","1146"
"7","c7-plural-age","Age with plural numerals","pattern","false","9","3","1133","1154"
"7","c7l2","How old are you?","pattern","false","5","2","1141","1168"
"7","c7-lex-describe-appearance","Describe appearance","vocabulary","false","10","2","1147","1176"
"7","c7-lex-describe-character","Describe character","vocabulary","false","20","2","1155","1181"
"7","c7-family-dative","For someone in the family","pattern","false","5","2","1169","1186"
"7","c7l3","What are they like?","pattern","false","5","2","1177","1199"
"7","c7l4","Making comparisons","pattern","false","5","2","1182","1212"
"7","c7-lex-the-extended-family","The extended family","vocabulary","false","19","2","1187","1219"
"7","c7-lex-family-events-and-actions","Family events and actions","vocabulary","false","13","2","1200","1224"
"7","c7-comparison-contrast","Compare and identify people","pattern","false","5","2","1213","1229"
"7","c7-family-questions","Ask about a family","pattern","false","5","2","1220","1236"
"7","c7-larger-numbers","Hundreds and thousands","pattern","false","5","2","1225","1242"
"7","c7-plural-only","Count plural-only nouns","pattern","false","9","3","1230","1246"
"7","c7l6","Introduce a relative","conversation","false","5","2","1237","1251"
"7","c7-situation-family-profile","Read a family profile","reading","false","3","0","1243","1254"
"7","c7-situation-family-comparison","Use age and comparisons","reading","false","3","0","1247","1255"
"7","c7-writing","Describe someone in your family","writing","false","1","0","1252","1252"
"8","c8l1","Rain or shine","pattern","false","5","2","1261","1284"
"8","c8-lex-weather-forecast","Weather forecast","vocabulary","false","24","2","1264","1291"
"8","c8-weather-neuter","Describe the day and your feelings","pattern","false","6","2","1277","1303"
"8","c8l5","Colours and seasons","vocabulary","false","7","2","1285","1317"
"8","c8-lex-clothes-for-every-day","Clothes for every day","vocabulary","false","18","2","1292","1329"
"8","c8-lex-shoes-and-accessories","Shoes and accessories","vocabulary","false","18","2","1304","1336"
"8","c8-lex-materials-and-labels","Materials and labels","vocabulary","false","15","2","1318","1341"
"8","c8-lex-read-shop-signs","Read shop signs","vocabulary","false","6","2","1330","1351"
"8","c8l2","In your wardrobe","pattern","false","5","2","1337","1358"
"8","c8-lex-colour-and-fit","Colour and fit","vocabulary","false","14","2","1342","1368"
"8","c8l3","Find your colour","pattern","false","6","2","1352","1375"
"8","c8-lex-shopping-actions","Shopping actions","vocabulary","false","14","2","1359","1380"
"8","c8l4","Trying things on","conversation","false","5","2","1369","1385"
"8","c8-clothing-cases","Buy, need, and describe clothes","pattern","false","6","2","1376","1389"
"8","c8l6","Choose clothes for the day","conversation","false","5","2","1381","1394"
"8","c8-situation-forecast","Choose clothing for a forecast","reading","false","3","0","1386","1397"
"8","c8-situation-clothes-label","Read a label and ask for a return","reading","false","3","0","1390","1398"
"8","c8-writing","Ask to exchange clothes","writing","false","1","0","1395","1395"
"9","c9l1","How do you feel?","pattern","false","5","2","1404","1420"
"9","c9l5","Describe a symptom","vocabulary","false","6","2","1407","1434"
"9","c9-lex-the-body","The body","vocabulary","false","13","2","1411","1441"
"9","c9-lex-illness-and-symptoms","Illness and symptoms","vocabulary","false","18","2","1421","1446"
"9","c9-lex-find-your-way-in-a-clinic","Find your way in a clinic","vocabulary","false","5","2","1435","1460"
"9","c9l2","What hurts?","pattern","false","5","2","1442","1468"
"9","c9-lex-at-the-pharmacy-counter","At the pharmacy counter","vocabulary","false","24","2","1447","1473"
"9","c9-reflexive-people","Feeling now and before","pattern","false","5","2","1461","1480"
"9","c9l3","At the pharmacy","pattern","false","5","2","1469","1486"
"9","c9-imperative-people","Understand requests and instructions","pattern","false","7","2","1474","1496"
"9","c9l4","On the mend","pattern","false","5","2","1481","1505"
"9","c9-lex-people-at-the-clinic","People at the clinic","vocabulary","false","15","2","1487","1511"
"9","c9-adverbs-conjunctions","Explain, contrast, and compare","pattern","false","7","2","1497","1515"
"9","c9l6","Make an appointment","conversation","false","5","2","1506","1520"
"9","c9-situation-appointment","Make and understand an appointment","reading","false","3","0","1512","1524"
"9","c9-situation-pharmacy-label","Understand a fictional medicine label","reading","false","3","0","1516","1527"
"9","c9-situation-illness-message","Explain an absence and express sympathy","reading","false","3","0","1521","1528"
"9","c9-writing","Explain an absence","writing","false","1","0","1525","1525"
"10","c10-lex-family-celebrations","Family celebrations","vocabulary","false","15","2","1534","1552"
"10","c10l1","A reason to celebrate","pattern","false","5","2","1542","1560"
"10","c10l2","Happy birthday!","pattern","false","5","2","1548","1566"
"10","c10-lex-wishes-and-feelings","Wishes and feelings","vocabulary","false","12","2","1553","1571"
"10","c10l5","Wish someone well","pattern","false","5","2","1561","1577"
"10","c10-object-pronouns","Invite me, her, or them","pattern","false","6","2","1567","1588"
"10","c10l3","Come and join us","pattern","false","5","2","1572","1601"
"10","c10-lex-spring-celebrations","Spring celebrations","vocabulary","false","17","2","1578","1614"
"10","c10-lex-summer-and-autumn-celebrations","Summer and autumn celebrations","vocabulary","false","16","2","1589","1621"
"10","c10-lex-christmas-traditions","Christmas traditions","vocabulary","false","18","2","1602","1626"
"10","c10-gift-objects","Give something or give some","pattern","false","6","2","1615","1631"
"10","c10l4","Good times together","pattern","false","5","2","1622","1636"
"10","c10-address-wishes","Address people and wish them well","pattern","false","6","2","1627","1641"
"10","c10-tradition-questions","Ask about a celebration","pattern","false","5","2","1632","1645"
"10","c10l6","Welcome your guests","conversation","false","5","2","1637","1650"
"10","c10-situation-festival-notice","Read a celebration programme","reading","false","3","0","1642","1654"
"10","c10-situation-holiday-traditions","Read about holiday traditions","reading","false","3","0","1646","1657"
"10","c10-situation-birthday-invitation","Reply to an invitation","reading","false","3","0","1651","1658"
"10","c10-writing","Write a greeting and invitation","writing","false","1","0","1655","1655"
